location,totalcases,young,adult,older,prevalence,incidence,incidence7,deathrate,density,hdi
China,0.041214906297121,0.18,0.71,0.11,0.037840166582897,0.01895598477777,0.010626839951174,0.029616724738676,148.348833270666,0.758
Japan,0.000790513833992,0.13,0.6,0.28,0.000790513833992,0,0,0,347.073458415624,0.915
South Korea,0.001937984496124,0.13,0.73,0.14,0.001937984496124,0,0,0,529.6521,0.906
Thailand,0.005763688760807,0.17,0.71,0.12,0.005763688760807,0.002881844380403,0.001440922190202,0,135.897206835131,0.765
United States,0.000305623471883,0.19,0.65,0.16,0.000305623471883,0,0,0,35.766088580168,0.92
